id,code,expdate
1,A7K9X2LQ,2025-08-06 01:02:54
2,B3M8P4ZT,2026-06-02 10:14:31
3,C9R2V7HD,2026-01-22 15:46:02
4,D5X1K8QN,2026-05-13 01:36:52
5,E8L4S2WY,2025-11-14 03:34:53
6,F2Q7M9AZ,2026-04-17 18:49:50
7,G6T3P8LK,2025-04-23 02:57:47
8,H1Z5R2XM,2027-03-13 08:40:00
9,J9N4C7PV,2026-03-08 16:56:55
10,K3L8Q1SD,2025-08-16 01:06:44
11,L7M2X9RT,2026-10-27 21:32:12
12,M4P6Z1KC,2025-07-28 15:05:47
13,N8Q3V5YW,2026-11-01 06:44:25
14,P2R9L7XM,2025-09-05 15:53:19
15,Q5S1K8ZT,2026-08-20 10:19:06
16,R3T7M2LQ,2027-01-15 09:58:23
17,S9V4X1NP,2026-09-09 22:58:28
18,T6W2K8RM,2026-12-29 13:58:50
19,U1X5P9QL,2027-01-09 08:05:08
20,V8Y3L7KD,2025-12-15 02:26:57
21,W2Z6M1RT,2026-06-25 18:08:19
22,X4K9Q2SP,2026-06-07 02:29:02
23,Y7L3R8VN,2026-11-20 08:54:43
24,Z5M1X6QT,2026-08-21 05:05:59
25,K9P2R7LW,2026-03-09 15:50:25
